{
    "joint_position": {
        "max": [
            2.4269749522209167,
            1.8925224542617798,
            2.333089232444763,
            2.0055328011512756,
            2.4180296063423157,
            2.1762993335723877,
            2.3857093453407288
        ],
        "min": [
            -2.2259213477373123,
            -1.6677189618349075,
            -2.6887174248695374,
            -1.7325905561447144,
            -2.465891972184181,
            -2.2845441102981567,
            -2.521109163761139
        ],
        "mean": [
            -0.00012697481391079414,
            0.05169233619936857,
            -0.0011901857502448871,
            0.035864562508402684,
            -0.0005783673142368322,
            0.021373525600206302,
            0.0073235837247801056
        ],
        "std": [
            0.12504257716442063,
            0.22993026240780814,
            0.12254095828268059,
            0.20813676307491463,
            0.1914411081883648,
            0.20499166795794752,
            0.22769520929136577
        ],
        "q01": [
            -0.38003855660557745,
            -0.5707337207347155,
            -0.372395026339218,
            -0.6040825617313386,
            -0.6068239034712315,
            -0.5480175018310547,
            -0.6911450639367104
        ],
        "q99": [
            0.3752444635331633,
            0.7254459694772959,
            0.36863212004303936,
            0.6473039162158969,
            0.5972681645303966,
            0.6584498655796054,
            0.7103942874073983
        ]
    }
}