{
    "observation.state": {
        "max": [
            2.6687583923339844,
            1.5840554237365723,
            2.6540958881378174,
            -0.29779934883117676,
            2.6624162197113037,
            4.272191524505615,
            2.755643367767334,
            1.0
        ],
        "min": [
            -2.6536705493927,
            -1.6156227588653564,
            -2.6781487464904785,
            -2.9409868717193604,
            -2.6705946922302246,
            0.24893812835216522,
            -2.757359266281128,
            0.0
        ],
        "mean": [
            0.010540884919464588,
            0.276614785194397,
            -0.0161590613424778,
            -1.9568142890930176,
            -0.026198934763669968,
            2.227536916732788,
            0.09755843877792358,
            0.4058409035205841
        ],
        "std": [
            0.31223708391189575,
            0.4864124655723572,
            0.27194955945014954,
            0.4877043664455414,
            0.519264817237854,
            0.4608793258666992,
            0.73529052734375,
            0.40033361315727234
        ],
        "q01": [
            -0.8875624465942383,
            -0.8370916676521302,
            -0.8531151509284973,
            -2.7690773010253906,
            -1.7587936305999756,
            1.2168634271621703,
            -1.9968851804733276,
            0.0
        ],
        "q99": [
            0.9182539391517639,
            1.4385825252532958,
            0.7427385020256034,
            -0.4551836943626404,
            1.6720541000366205,
            3.4903993225097656,
            2.202882013320923,
            0.9911894202232361
        ]
    },
    "action": {
        "max": [
            2.7449073791503906,
            1.6668277978897095,
            2.7442595958709717,
            -0.1936211884021759,
            2.7786083221435547,
            4.402013778686523,
            2.90183162689209,
            1.0
        ],
        "min": [
            -2.781099557876587,
            -1.6407934427261353,
            -2.7493984699249268,
            -2.9508564472198486,
            -2.7826988697052,
            0.17983438074588776,
            -2.901715040206909,
            0.0
        ],
        "mean": [
            0.009718318469822407,
            0.28475630283355713,
            -0.015922464430332184,
            -1.9493683576583862,
            -0.02583330310881138,
            2.2296223640441895,
            0.09907598048448563,
            0.45342135429382324
        ],
        "std": [
            0.3161209523677826,
            0.48012906312942505,
            0.2736099660396576,
            0.4917301535606384,
            0.5257000923156738,
            0.4642762243747711,
            0.7427776455879211,
            0.4489319622516632
        ],
        "q01": [
            -0.8982992434501648,
            -0.8176772451400757,
            -0.8682814669609069,
            -2.7690302562713622,
            -1.7748331832885742,
            1.2010483741760254,
            -2.0138916301727297,
            0.0
        ],
        "q99": [
            0.9287399649620047,
            1.4456840753555298,
            0.7545868659019466,
            -0.4503061246871949,
            1.6899159431457518,
            3.5099918556213376,
            2.2185549354553222,
            1.0
        ]
    }
}